{"ProtoVersion":"V2_6","WorkflowID":"c4924775-4df2-4c74-813a-33bc0e0c65fb","WorkflowName":"企业学习助手","WorkflowDesc":"你是一名学习助手。\n输入：学习文档。\n输出：\n- 摘要（100字内）\n- 核心要点（3\\~5条）\n- 思维导图建议\n风格：简洁，便于记忆。","Nodes":[{"NodeID":"360c5637-952e-903f-0b9d-fa52cef9241d","NodeName":"开始","NodeDesc":"","NodeType":"START","StartNodeData":{"WorkflowParams":[]},"Inputs":[],"Outputs":[],"NextNodeIDs":["d756b11d-6c60-c289-edab-d311e5582f18"],"NodeUI":"{\"data\":{\"isHovering\":false,\"isParallel\":false,\"source\":false,\"target\":true,\"debug\":null,\"error\":false,\"output\":[],\"schema\":null,\"checkDataError\":0},\"position\":{\"x\":400,\"y\":282},\"targetPosition\":\"left\",\"sourcePosition\":\"right\",\"selected\":false,\"measured\":{\"width\":250,\"height\":84}}"},{"NodeID":"f25d7c47-ccb9-ed49-34ea-7178f3593502","NodeName":"结束","NodeDesc":"","NodeType":"END","Inputs":[],"Outputs":[{"Title":"Output","Type":"OBJECT","Required":[],"Properties":[],"Desc":"输出内容","AnalysisMethod":"COVER"}],"NextNodeIDs":[],"NodeUI":"{\"data\":{\"isHovering\":false,\"isParallel\":false,\"source\":true,\"target\":false,\"debug\":null,\"error\":false,\"output\":[],\"schema\":null,\"checkDataError\":0},\"position\":{\"x\":887,\"y\":303},\"targetPosition\":\"left\",\"sourcePosition\":\"right\",\"selected\":true,\"measured\":{\"width\":250,\"height\":84},\"dragging\":false}"},{"NodeID":"d756b11d-6c60-c289-edab-d311e5582f18","NodeName":"大模型1","NodeDesc":"","NodeType":"LLM","LLMNodeData":{"ModelName":"cs-normal-70b","Temperature":0,"TopP":0,"MaxTokens":0,"Prompt":"{{user}}","SystemPrompt":"你是一名学习助手。\n输入：学习文档{{user}}（如果输入的是学习文档）。\n输出：\n- 摘要（100字内）\n- 核心要点（3~5条）\n- 思维导图建议\n风格：简洁，便于记忆。","OutputFormat":"LLM_OUTPUT_TEXT","ModelParams":{"Temperature":0.7,"TopP":0.6,"MaxTokens":4000,"StopSequences":[],"ReplyFormat":""}},"Inputs":[{"Name":"user","Type":"STRING","Input":{"InputType":"SYSTEM_VARIABLE","SystemVariable":{"Name":"SYS.UserQuery","DialogHistoryLimit":15}},"Desc":"","IsRequired":false,"SubInputs":[],"DefaultValue":"","DefaultFileName":""}],"Outputs":[],"NextNodeIDs":["399efab5-23a3-8c0b-38bb-56adaa979a3b"],"NodeUI":"{\"data\":{\"content\":\"输出：Output.Content, Output.Thought\",\"isHovering\":false,\"isParallel\":false,\"source\":true,\"target\":true,\"debug\":null,\"error\":false,\"output\":[{\"label\":\"Output\",\"desc\":\"输出内容\",\"optionType\":\"REFERENCE_OUTPUT\",\"type\":\"OBJECT\",\"children\":[]}],\"schema\":null,\"checkDataError\":0,\"displayPrompt\":\"<p><span data-w-e-type=\\\"slot\\\" data-w-e-is-void=\\\"\\\" data-w-e-is-inline=\\\"\\\" data-value=\\\"user\\\">{{user}}</span></p>\"},\"position\":{\"x\":356,\"y\":466},\"targetPosition\":\"left\",\"sourcePosition\":\"right\",\"selected\":false,\"measured\":{\"width\":250,\"height\":104},\"dragging\":false}","ExceptionHandling":{"Switch":"OFF","MaxRetries":"3","RetryInterval":"1","AbnormalOutputResult":"","HandleMethod":"EXCEPTION_OUTPUT","NextNodeIDs":[]},"PendingMessage":{"Switch":"OFF","Content":"","DelaySeconds":"1"}},{"NodeID":"399efab5-23a3-8c0b-38bb-56adaa979a3b","NodeName":"回复1","NodeDesc":"","NodeType":"ANSWER","AnswerNodeData":{"Answer":"{{res}}"},"Inputs":[{"Name":"res","Type":"STRING","Input":{"InputType":"REFERENCE_OUTPUT","Reference":{"NodeID":"d756b11d-6c60-c289-edab-d311e5582f18","JsonPath":"Output.Content"}},"Desc":"","IsRequired":false,"SubInputs":[],"DefaultValue":"","DefaultFileName":""}],"Outputs":[{"Title":"Output","Type":"OBJECT","Required":[],"Properties":[],"Desc":"输出内容","AnalysisMethod":"COVER"}],"NextNodeIDs":["f25d7c47-ccb9-ed49-34ea-7178f3593502"],"NodeUI":"{\"data\":{\"content\":\"{{res}}\",\"isHovering\":false,\"isParallel\":false,\"source\":true,\"target\":true,\"debug\":null,\"error\":false,\"output\":[{\"id\":\"f656bb7d-ff7d-93e6-37a8-482d086db9b4\",\"value\":\"Output\",\"label\":\"Output\",\"_uiId\":\"4f2c5a02-6003-9c9b-5edf-5dd115131b2a\",\"type\":\"OBJECT\",\"children\":[{\"id\":\"91cb567c-0890-1d26-aecd-4d81fb751002\",\"value\":\"Answer\",\"label\":\"Answer\",\"_uiId\":\"15514040-c859-14ba-e4c2-84977d43b298\",\"type\":\"STRING\",\"children\":[]}]}],\"schema\":null,\"checkDataError\":0},\"position\":{\"x\":698,\"y\":398},\"targetPosition\":\"left\",\"sourcePosition\":\"right\",\"selected\":false,\"measured\":{\"width\":250,\"height\":84},\"dragging\":false}"}],"Edge":"[{\"source\":\"360c5637-952e-903f-0b9d-fa52cef9241d\",\"sourceHandle\":\"360c5637-952e-903f-0b9d-fa52cef9241d-source\",\"target\":\"d756b11d-6c60-c289-edab-d311e5582f18\",\"targetHandle\":\"d756b11d-6c60-c289-edab-d311e5582f18-target\",\"type\":\"custom\",\"data\":{\"connectedNodeIsHovering\":false,\"error\":false,\"isHovering\":false},\"id\":\"xy-edge__360c5637-952e-903f-0b9d-fa52cef9241d360c5637-952e-903f-0b9d-fa52cef9241d-source-d756b11d-6c60-c289-edab-d311e5582f18d756b11d-6c60-c289-edab-d311e5582f18-target\"},{\"source\":\"d756b11d-6c60-c289-edab-d311e5582f18\",\"sourceHandle\":\"d756b11d-6c60-c289-edab-d311e5582f18-source\",\"target\":\"399efab5-23a3-8c0b-38bb-56adaa979a3b\",\"targetHandle\":\"399efab5-23a3-8c0b-38bb-56adaa979a3b-target\",\"type\":\"custom\",\"data\":{\"connectedNodeIsHovering\":false,\"error\":false,\"isHovering\":false},\"id\":\"xy-edge__d756b11d-6c60-c289-edab-d311e5582f18d756b11d-6c60-c289-edab-d311e5582f18-source-399efab5-23a3-8c0b-38bb-56adaa979a3b399efab5-23a3-8c0b-38bb-56adaa979a3b-target\"},{\"source\":\"399efab5-23a3-8c0b-38bb-56adaa979a3b\",\"sourceHandle\":\"399efab5-23a3-8c0b-38bb-56adaa979a3b-source\",\"target\":\"f25d7c47-ccb9-ed49-34ea-7178f3593502\",\"targetHandle\":\"f25d7c47-ccb9-ed49-34ea-7178f3593502-target\",\"type\":\"custom\",\"data\":{\"connectedNodeIsHovering\":false,\"isHovering\":false,\"error\":false},\"id\":\"xy-edge__399efab5-23a3-8c0b-38bb-56adaa979a3b399efab5-23a3-8c0b-38bb-56adaa979a3b-source-f25d7c47-ccb9-ed49-34ea-7178f3593502f25d7c47-ccb9-ed49-34ea-7178f3593502-target\"}]","Mode":"NORMAL","ReleaseTime":""}